title,price,rating,sold,link
Thùng 48 hộp sữa tươi tiệt trùng TH true MILK HILO vị tự nhiên 180 ml (180 ml x 48),624.366₫,4.9,100k+ đã bán,https://shopee.vn/Th%C3%B9ng-48-h%E1%BB%99p-s%E1%BB%AFa-t%C6%B0%C6%A1i-ti%E1%BB%87t-tr%C3%B9ng-TH-true-MILK-HILO-v%E1%BB%8B-t%E1%BB%B1-nhi%C3%AAn-180-ml-(180-ml-x-48)-i.626294568.15536628136?extraParams=%7B%22display_model_id%22%3A96597644467%2C%22model_selection_logic%22%3A3%7D
[LIVE STREAM] Thùng 48 hộp sữa tươi tiệt trùng TH true MILK nguyên chất 180 ml (180 ml x 48),576.720₫,4.9,20k+ đã bán,https://shopee.vn/-LIVE-STREAM-Th%C3%B9ng-48-h%E1%BB%99p-s%E1%BB%AFa-t%C6%B0%C6%A1i-ti%E1%BB%87t-tr%C3%B9ng-TH-true-MILK-nguy%C3%AAn-ch%E1%BA%A5t-180-ml-(180-ml-x-48)-i.626294568.24344226460?extraParams=%7B%22display_model_id%22%3A258217165770%2C%22model_selection_logic%22%3A3%7D
Thùng 48 hộp sữa tươi tiệt trùng TH true MILK hương chuối 180 ml (180 ml x 48),576.720₫,4.8,2k+ đã bán,https://shopee.vn/Th%C3%B9ng-48-h%E1%BB%99p-s%E1%BB%AFa-t%C6%B0%C6%A1i-ti%E1%BB%87t-tr%C3%B9ng-TH-true-MILK-h%C6%B0%C6%A1ng-chu%E1%BB%91i-180-ml-(180-ml-x-48)-i.626294568.43312301083?extraParams=%7B%22display_model_id%22%3A216198770346%2C%22model_selection_logic%22%3A3%7D
Thùng Sản phẩm Dinh Dưỡng Công Thức TH true FORMULA milk 180ml Dành Cho Trẻ Trên 2 Tuổi (24 Hộp),478.592₫,4.9,30k+ đã bán,https://shopee.vn/Th%C3%B9ng-S%E1%BA%A3n-ph%E1%BA%A9m-Dinh-D%C6%B0%E1%BB%A1ng-C%C3%B4ng-Th%E1%BB%A9c-TH-true-FORMULA-milk-180ml-D%C3%A0nh-Cho-Tr%E1%BA%BB-Tr%C3%AAn-2-Tu%E1%BB%95i-(24-H%E1%BB%99p)-i.626294568.15497359768?extraParams=%7B%22display_model_id%22%3A231523794156%2C%22model_selection_logic%22%3A3%7D
Thùng 24 hộp sữa tươi tiệt trùng vị tự nhiên TH true MILK GOLD dành cho người lớn tuổi 180ml,409.788₫,4.9,10k+ đã bán,https://shopee.vn/Th%C3%B9ng-24-h%E1%BB%99p-s%E1%BB%AFa-t%C6%B0%C6%A1i-ti%E1%BB%87t-tr%C3%B9ng-v%E1%BB%8B-t%E1%BB%B1-nhi%C3%AAn-TH-true-MILK-GOLD-d%C3%A0nh-cho-ng%C6%B0%E1%BB%9Di-l%E1%BB%9Bn-tu%E1%BB%95i-180ml-i.626294568.18595860710?extraParams=%7B%22display_model_id%22%3A176261016958%2C%22model_selection_logic%22%3A3%7D
[LIVESTREAM] Thùng 48 hộp sữa tươi tiệt trùng TH True Milk HILO 180ml (48 hộp),624.366₫,4.9,60k+ đã bán,https://shopee.vn/-LIVESTREAM-Th%C3%B9ng-48-h%E1%BB%99p-s%E1%BB%AFa-t%C6%B0%C6%A1i-ti%E1%BB%87t-tr%C3%B9ng-TH-True-Milk-HILO-180ml-(48-h%E1%BB%99p)-i.626294568.27805056693?extraParams=%7B%22display_model_id%22%3A232988689663%2C%22model_selection_logic%22%3A3%7D
Thùng Sữa Hạt TH true NUT milk Óc Chó 180ml (48 Hộp),641.896₫,4.9,10k+ đã bán,https://shopee.vn/Th%C3%B9ng-S%E1%BB%AFa-H%E1%BA%A1t-TH-true-NUT-milk-%C3%93c-Ch%C3%B3-180ml-(48-H%E1%BB%99p)-i.626294568.15535649002?extraParams=%7B%22display_model_id%22%3A96573868181%2C%22model_selection_logic%22%3A3%7D
Thùng Sữa Yến Mạch TH true OAT milk Hương Dừa 180ml (48 Hộp),551.564₫,4.9,3k+ đã bán,https://shopee.vn/Th%C3%B9ng-S%E1%BB%AFa-Y%E1%BA%BFn-M%E1%BA%A1ch-TH-true-OAT-milk-H%C6%B0%C6%A1ng-D%E1%BB%ABa-180ml-(48-H%E1%BB%99p)-i.626294568.29707879304?extraParams=%7B%22display_model_id%22%3A118428177773%2C%22model_selection_logic%22%3A3%7D
[LIVESTREAM] Thùng 48 hộp Sữa Yến Mạch Sô Cô La TH true OAT 180ml (180 ml x 48),593.832₫,4.9,7k+ đã bán,https://shopee.vn/-LIVESTREAM-Th%C3%B9ng-48-h%E1%BB%99p-S%E1%BB%AFa-Y%E1%BA%BFn-M%E1%BA%A1ch-S%C3%B4-C%C3%B4-La-TH-true-OAT-180ml-(180-ml-x-48)-i.626294568.29409342239?extraParams=%7B%22display_model_id%22%3A197760808074%2C%22model_selection_logic%22%3A3%7D
Thùng 48 Hộp Sữa Yến Mạch TH true milk OAT hương vị Sô Cô La 180ml (48 Hộp),551.564₫,4.8,4k+ đã bán,https://shopee.vn/Th%C3%B9ng-48-H%E1%BB%99p-S%E1%BB%AFa-Y%E1%BA%BFn-M%E1%BA%A1ch-TH-true-milk-OAT-h%C6%B0%C6%A1ng-v%E1%BB%8B-S%C3%B4-C%C3%B4-La-180ml-(48-H%E1%BB%99p)-i.626294568.26557885515?extraParams=%7B%22display_model_id%22%3A207722607430%2C%22model_selection_logic%22%3A3%7D
[LIVE STREAM] Thùng 48 hộp sữa tươi tiệt trùng Dalatmilk vị tự nhiên 180 ml (180 ml x 48),519.338₫,4.9,20k+ đã bán,https://shopee.vn/-LIVE-STREAM-Th%C3%B9ng-48-h%E1%BB%99p-s%E1%BB%AFa-t%C6%B0%C6%A1i-ti%E1%BB%87t-tr%C3%B9ng-Dalatmilk-v%E1%BB%8B-t%E1%BB%B1-nhi%C3%AAn-180-ml-(180-ml-x-48)-i.626294568.28883935824?extraParams=%7B%22display_model_id%22%3A216005835094%2C%22model_selection_logic%22%3A3%7D
Thùng 48 hộp sữa tươi tiệt trùng TH true MILK LIGHT MEAL bổ sung ngũ cốc 180ml (48H),638.518₫,4.9,7k+ đã bán,https://shopee.vn/Th%C3%B9ng-48-h%E1%BB%99p-s%E1%BB%AFa-t%C6%B0%C6%A1i-ti%E1%BB%87t-tr%C3%B9ng-TH-true-MILK-LIGHT-MEAL-b%E1%BB%95-sung-ng%C5%A9-c%E1%BB%91c-180ml-(48H)-i.626294568.14930365891?extraParams=%7B%22display_model_id%22%3A114783584321%2C%22model_selection_logic%22%3A3%7D
Thùng 48 hộp thức uống Sữa trái cây Cam tự nhiên TH true JUICE milk MISTORI 180ml (180ml x 48),424.212₫,4.8,603 đã bán,https://shopee.vn/Th%C3%B9ng-48-h%E1%BB%99p-th%E1%BB%A9c-u%E1%BB%91ng-S%E1%BB%AFa-tr%C3%A1i-c%C3%A2y-Cam-t%E1%BB%B1-nhi%C3%AAn-TH-true-JUICE-milk-MISTORI-180ml-(180ml-x-48)-i.626294568.42475418988?extraParams=%7B%22display_model_id%22%3A272061439259%2C%22model_selection_logic%22%3A3%7D
[LIVESTREAM] Thùng 24 hộp sữa tươi tiệt trùng vị tự nhiên TH true MILK GOLD dành cho người lớn tuổi 180m,467.032₫,4.9,7k+ đã bán,https://shopee.vn/-LIVESTREAM-Th%C3%B9ng-24-h%E1%BB%99p-s%E1%BB%AFa-t%C6%B0%C6%A1i-ti%E1%BB%87t-tr%C3%B9ng-v%E1%BB%8B-t%E1%BB%B1-nhi%C3%AAn-TH-true-MILK-GOLD-d%C3%A0nh-cho-ng%C6%B0%E1%BB%9Di-l%E1%BB%9Bn-tu%E1%BB%95i-180m-i.626294568.27760902742?extraParams=%7B%22display_model_id%22%3A223207463635%2C%22model_selection_logic%22%3A3%7D
[MỚI - VC 25%] [LIVESTREAM] Thùng 48 hộp sữa yến mạch vị tự nhiên Thơm Ngon Ngậy TH true OAT 180 ml (180 ml x 48 hộp),593.832₫,5.0,206 đã bán,https://shopee.vn/-M%E1%BB%9AI-VC-25-LIVESTREAM-Th%C3%B9ng-48-h%E1%BB%99p-s%E1%BB%AFa-y%E1%BA%BFn-m%E1%BA%A1ch-v%E1%BB%8B-t%E1%BB%B1-nhi%C3%AAn-Th%C6%A1m-Ngon-Ng%E1%BA%ADy-TH-true-OAT-180-ml-(180-ml-x-48-h%E1%BB%99p)-i.626294568.56558987435?extraParams=%7B%22display_model_id%22%3A375796485654%2C%22model_selection_logic%22%3A3%7D
[BAO BÌ MỚI] Thùng sữa yến mạch TH true OAT vị tự nhiên MỚI Thơm ngon ngậy 180ml (48 Hộp),551.564₫,4.9,5k+ đã bán,https://shopee.vn/-BAO-B%C3%8C-M%E1%BB%9AI-Th%C3%B9ng-s%E1%BB%AFa-y%E1%BA%BFn-m%E1%BA%A1ch-TH-true-OAT-v%E1%BB%8B-t%E1%BB%B1-nhi%C3%AAn-M%E1%BB%9AI-Th%C6%A1m-ngon-ng%E1%BA%ADy-180ml-(48-H%E1%BB%99p)-i.626294568.18388784757?extraParams=%7B%22display_model_id%22%3A118910222510%2C%22model_selection_logic%22%3A3%7D
Thùng 48 Hộp Thức uống sữa lúa mạch TH true CHOCOMALT MISTORI milk 180 ml (48 Hộp),478.488₫,4.9,9k+ đã bán,https://shopee.vn/Th%C3%B9ng-48-H%E1%BB%99p-Th%E1%BB%A9c-u%E1%BB%91ng-s%E1%BB%AFa-l%C3%BAa-m%E1%BA%A1ch-TH-true-CHOCOMALT-MISTORI-milk-180-ml-(48-H%E1%BB%99p)-i.626294568.22365621931?extraParams=%7B%22display_model_id%22%3A146828523684%2C%22model_selection_logic%22%3A3%7D
Thùng Sữa Chua Uống Tiệt Trùng Hương Việt Quất TH True Yogurt milk 180ml (48 Hộp),457.908₫,4.9,9k+ đã bán,https://shopee.vn/Th%C3%B9ng-S%E1%BB%AFa-Chua-U%E1%BB%91ng-Ti%E1%BB%87t-Tr%C3%B9ng-H%C6%B0%C6%A1ng-Vi%E1%BB%87t-Qu%E1%BA%A5t-TH-True-Yogurt-milk-180ml-(48-H%E1%BB%99p)-i.626294568.12368772754?extraParams=%7B%22display_model_id%22%3A123604489381%2C%22model_selection_logic%22%3A3%7D
Thùng Sữa Hạt và Gạo Lứt Đỏ TH true NUT milk 180ml (48 Hộp),641.896₫,4.9,3k+ đã bán,https://shopee.vn/Th%C3%B9ng-S%E1%BB%AFa-H%E1%BA%A1t-v%C3%A0-G%E1%BA%A1o-L%E1%BB%A9t-%C4%90%E1%BB%8F-TH-true-NUT-milk-180ml-(48-H%E1%BB%99p)-i.626294568.15335681561?extraParams=%7B%22display_model_id%22%3A133609073718%2C%22model_selection_logic%22%3A3%7D
Thùng Trà Xanh Vị Chanh TH true TEA milk 350ml (24 Chai),264.085₫,5.0,2k+ đã bán,https://shopee.vn/Th%C3%B9ng-Tr%C3%A0-Xanh-V%E1%BB%8B-Chanh-TH-true-TEA-milk-350ml-(24-Chai)-i.626294568.15230333957?extraParams=%7B%22display_model_id%22%3A28315460248%2C%22model_selection_logic%22%3A3%7D
[LIVESTREAM] [BAO BÌ MỚI] Thùng 48 hộp sữa yến mạch vị tự nhiên MỚI Thơm ngon ngậy TH True Oat 180ml (180ml x 48),593.832₫,4.9,4k+ đã bán,https://shopee.vn/-LIVESTREAM-BAO-B%C3%8C-M%E1%BB%9AI-Th%C3%B9ng-48-h%E1%BB%99p-s%E1%BB%AFa-y%E1%BA%BFn-m%E1%BA%A1ch-v%E1%BB%8B-t%E1%BB%B1-nhi%C3%AAn-M%E1%BB%9AI-Th%C6%A1m-ngon-ng%E1%BA%ADy-TH-True-Oat-180ml-(180ml-x-48)-i.626294568.25883603789?extraParams=%7B%22display_model_id%22%3A217657778562%2C%22model_selection_logic%22%3A3%7D
Thùng 48 hộp thức uống Sữa trái cây Nho tự nhiên TH true JUICE milk MISTORI 180ml (180ml x 48),424.212₫,4.8,539 đã bán,https://shopee.vn/Th%C3%B9ng-48-h%E1%BB%99p-th%E1%BB%A9c-u%E1%BB%91ng-S%E1%BB%AFa-tr%C3%A1i-c%C3%A2y-Nho-t%E1%BB%B1-nhi%C3%AAn-TH-true-JUICE-milk-MISTORI-180ml-(180ml-x-48)-i.626294568.42075431413?extraParams=%7B%22display_model_id%22%3A277061512263%2C%22model_selection_logic%22%3A3%7D
[LIVESTREAM] Thùng 48 hộp sữa tươi tiệt trùng TH true MILK LIGHT MEAL bổ sung ngũ cốc 180ml (48H),638.518₫,4.9,1k+ đã bán,https://shopee.vn/-LIVESTREAM-Th%C3%B9ng-48-h%E1%BB%99p-s%E1%BB%AFa-t%C6%B0%C6%A1i-ti%E1%BB%87t-tr%C3%B9ng-TH-true-MILK-LIGHT-MEAL-b%E1%BB%95-sung-ng%C5%A9-c%E1%BB%91c-180ml-(48H)-i.626294568.45502155119?extraParams=%7B%22display_model_id%22%3A425206867393%2C%22model_selection_logic%22%3A3%7D
[Có quà tặng kèm] Thùng 48 hộp thức uống Sữa trái cây Nho tự nhiên TH true JUICE milk MISTORI 110ml x 48 hộp,267.914₫,5.0,21 đã bán,https://shopee.vn/-C%C3%B3-qu%C3%A0-t%E1%BA%B7ng-k%C3%A8m-Th%C3%B9ng-48-h%E1%BB%99p-th%E1%BB%A9c-u%E1%BB%91ng-S%E1%BB%AFa-tr%C3%A1i-c%C3%A2y-Nho-t%E1%BB%B1-nhi%C3%AAn-TH-true-JUICE-milk-MISTORI-110ml-x-48-h%E1%BB%99p-i.626294568.54210544369?extraParams=%7B%22display_model_id%22%3A365924704045%2C%22model_selection_logic%22%3A3%7D
Thùng 48 hộp sữa tươi tiệt trùng  Dalatmilk có đường 180 ml (180 ml x 48),519.338₫,4.9,7k+ đã bán,https://shopee.vn/Th%C3%B9ng-48-h%E1%BB%99p-s%E1%BB%AFa-t%C6%B0%C6%A1i-ti%E1%BB%87t-tr%C3%B9ng-Dalatmilk-c%C3%B3-%C4%91%C6%B0%E1%BB%9Dng-180-ml-(180-ml-x-48)-i.626294568.15235766815?extraParams=%7B%22display_model_id%22%3A28370759197%2C%22model_selection_logic%22%3A3%7D
[LIVE STREAM] Thùng 48 hộp sữa tươi tiệt trùng Dalatmilk ít đường 180 ml (180 ml x 48),519.338₫,4.9,50k+ đã bán,https://shopee.vn/-LIVE-STREAM-Th%C3%B9ng-48-h%E1%BB%99p-s%E1%BB%AFa-t%C6%B0%C6%A1i-ti%E1%BB%87t-tr%C3%B9ng-Dalatmilk-%C3%ADt-%C4%91%C6%B0%E1%BB%9Dng-180-ml-(180-ml-x-48)-i.626294568.27033935594?extraParams=%7B%22display_model_id%22%3A248217673685%2C%22model_selection_logic%22%3A3%7D
Thùng 48 hộp sữa tươi tiệt trùng Dalatmilk vị tự nhiên 180 ml (180 ml x 48),519.338₫,4.9,30k+ đã bán,https://shopee.vn/Th%C3%B9ng-48-h%E1%BB%99p-s%E1%BB%AFa-t%C6%B0%C6%A1i-ti%E1%BB%87t-tr%C3%B9ng-Dalatmilk-v%E1%BB%8B-t%E1%BB%B1-nhi%C3%AAn-180-ml-(180-ml-x-48)-i.626294568.14835749445?extraParams=%7B%22display_model_id%22%3A151682685090%2C%22model_selection_logic%22%3A3%7D
[LIVESTREAM] Thùng sữa chua uống tiệt trùng hương việt quất tự nhiên 180ml x 48 hộp,467.908₫,5.0,9 đã bán,https://shopee.vn/-LIVESTREAM-Th%C3%B9ng-s%E1%BB%AFa-chua-u%E1%BB%91ng-ti%E1%BB%87t-tr%C3%B9ng-h%C6%B0%C6%A1ng-vi%E1%BB%87t-qu%E1%BA%A5t-t%E1%BB%B1-nhi%C3%AAn-180ml-x-48-h%E1%BB%99p-i.626294568.49311108697?extraParams=%7B%22display_model_id%22%3A380966617661%2C%22model_selection_logic%22%3A3%7D
[LIVESTREAM] Thùng 48 hộp Sữa Yến Mạch Hương Dừa Tự Nhiên TH true OAT 180ml (180 ml x 48),593.832₫,4.9,2k+ đã bán,https://shopee.vn/-LIVESTREAM-Th%C3%B9ng-48-h%E1%BB%99p-S%E1%BB%AFa-Y%E1%BA%BFn-M%E1%BA%A1ch-H%C6%B0%C6%A1ng-D%E1%BB%ABa-T%E1%BB%B1-Nhi%C3%AAn-TH-true-OAT-180ml-(180-ml-x-48)-i.626294568.28759337572?extraParams=%7B%22display_model_id%22%3A236705500013%2C%22model_selection_logic%22%3A3%7D
Thùng 48 hộp thức uống Sữa trái cây hương Nho có thạch TH true JUICE milk MISTORI 180ml (180ml x 48),507.830₫,4.8,846 đã bán,https://shopee.vn/Th%C3%B9ng-48-h%E1%BB%99p-th%E1%BB%A9c-u%E1%BB%91ng-S%E1%BB%AFa-tr%C3%A1i-c%C3%A2y-h%C6%B0%C6%A1ng-Nho-c%C3%B3-th%E1%BA%A1ch-TH-true-JUICE-milk-MISTORI-180ml-(180ml-x-48)-i.626294568.26143266933?extraParams=%7B%22display_model_id%22%3A292061549359%2C%22model_selection_logic%22%3A3%7D
Thùng Sữa Dinh Dưỡng Công Thức TH true FORMULA milk Cho Trẻ 1-2 Tuổi 110ml (24 Hộp),332.139₫,4.9,90k+ đã bán,https://shopee.vn/Th%C3%B9ng-S%E1%BB%AFa-Dinh-D%C6%B0%E1%BB%A1ng-C%C3%B4ng-Th%E1%BB%A9c-TH-true-FORMULA-milk-Cho-Tr%E1%BA%BB-1-2-Tu%E1%BB%95i-110ml-(24-H%E1%BB%99p)-i.626294568.21087967408?extraParams=%7B%22display_model_id%22%3A29687479484%2C%22model_selection_logic%22%3A3%7D
[LIVESTREAM]Thùng 48 hộp sữa tươi tiệt trùng TOPKID kem vanilla tự nhiên TH True Milk 180ml,718.145₫,4.9,20k+ đã bán,https://shopee.vn/-LIVESTREAM-Th%C3%B9ng-48-h%E1%BB%99p-s%E1%BB%AFa-t%C6%B0%C6%A1i-ti%E1%BB%87t-tr%C3%B9ng-TOPKID-kem-vanilla-t%E1%BB%B1-nhi%C3%AAn-TH-True-Milk-180ml-i.626294568.25235900464?extraParams=%7B%22display_model_id%22%3A223207483699%2C%22model_selection_logic%22%3A3%7D
Thùng 48 hộp thức uống Sữa trái cây hương Dâu có thạch  TH true JUICE milk MISTORI 180ml (180ml x 48),507.830₫,4.7,460 đã bán,https://shopee.vn/Th%C3%B9ng-48-h%E1%BB%99p-th%E1%BB%A9c-u%E1%BB%91ng-S%E1%BB%AFa-tr%C3%A1i-c%C3%A2y-h%C6%B0%C6%A1ng-D%C3%A2u-c%C3%B3-th%E1%BA%A1ch-TH-true-JUICE-milk-MISTORI-180ml-(180ml-x-48)-i.626294568.42625431356?extraParams=%7B%22display_model_id%22%3A287061545883%2C%22model_selection_logic%22%3A3%7D
[Có quà tặng kèm] Thùng 48 hộp thức uống Sữa trái cây Dâu tự nhiên TH true JUICE milk MISTORI 110ml x 48 hộp,267.914₫,5.0,13 đã bán,https://shopee.vn/-C%C3%B3-qu%C3%A0-t%E1%BA%B7ng-k%C3%A8m-Th%C3%B9ng-48-h%E1%BB%99p-th%E1%BB%A9c-u%E1%BB%91ng-S%E1%BB%AFa-tr%C3%A1i-c%C3%A2y-D%C3%A2u-t%E1%BB%B1-nhi%C3%AAn-TH-true-JUICE-milk-MISTORI-110ml-x-48-h%E1%BB%99p-i.626294568.55160548928?extraParams=%7B%22display_model_id%22%3A375924704028%2C%22model_selection_logic%22%3A3%7D
[Livestream] Thùng Thức uống Sữa trái cây TH true JUICE milk MISTORI Nho tự nhiên 110 ml x 48 Hộp,267.914₫,4.9,3k+ đã bán,https://shopee.vn/-Livestream-Th%C3%B9ng-Th%E1%BB%A9c-u%E1%BB%91ng-S%E1%BB%AFa-tr%C3%A1i-c%C3%A2y-TH-true-JUICE-milk-MISTORI-Nho-t%E1%BB%B1-nhi%C3%AAn-110-ml-x-48-H%E1%BB%99p-i.626294568.44472228332?extraParams=%7B%22display_model_id%22%3A253975238951%2C%22model_selection_logic%22%3A3%7D
Thùng Sữa Hạt Mắc Ca TH true NUT milk 1L (12 Hộp),682.665₫,4.9,1k+ đã bán,https://shopee.vn/Th%C3%B9ng-S%E1%BB%AFa-H%E1%BA%A1t-M%E1%BA%AFc-Ca-TH-true-NUT-milk-1L-(12-H%E1%BB%99p)-i.626294568.12968786673?extraParams=%7B%22display_model_id%22%3A104947468346%2C%22model_selection_logic%22%3A3%7D
Thùng 48 hộp thức uống Sữa trái cây hương Cam có thạch TH true JUICE milk MISTORI 180ml (180mlx48),517.830₫,4.8,334 đã bán,https://shopee.vn/Th%C3%B9ng-48-h%E1%BB%99p-th%E1%BB%A9c-u%E1%BB%91ng-S%E1%BB%AFa-tr%C3%A1i-c%C3%A2y-h%C6%B0%C6%A1ng-Cam-c%C3%B3-th%E1%BA%A1ch-TH-true-JUICE-milk-MISTORI-180ml-(180mlx48)-i.626294568.28943280532?extraParams=%7B%22display_model_id%22%3A139473384355%2C%22model_selection_logic%22%3A3%7D
[LIVE STREAM] Thùng sữa tươi tiệt trùng TH true Milk HILO 180ml x 48 hộp (backup),624.366₫,4.9,2k+ đã bán,https://shopee.vn/-LIVE-STREAM-Th%C3%B9ng-s%E1%BB%AFa-t%C6%B0%C6%A1i-ti%E1%BB%87t-tr%C3%B9ng-TH-true-Milk-HILO-180ml-x-48-h%E1%BB%99p-(backup)-i.626294568.29284534653?extraParams=%7B%22display_model_id%22%3A227732695357%2C%22model_selection_logic%22%3A3%7D
Thùng 48 hộp thức uống Sữa Lúa mạch Có Thạch TH true CHOCOMALT MISTORI 180 ml (180 ml x 48),454.053₫,4.8,3k+ đã bán,https://shopee.vn/Th%C3%B9ng-48-h%E1%BB%99p-th%E1%BB%A9c-u%E1%BB%91ng-S%E1%BB%AFa-L%C3%BAa-m%E1%BA%A1ch-C%C3%B3-Th%E1%BA%A1ch-TH-true-CHOCOMALT-MISTORI-180-ml-(180-ml-x-48)-i.626294568.29768613848?extraParams=%7B%22display_model_id%22%3A139151177144%2C%22model_selection_logic%22%3A3%7D
Thùng 48 hộp sữa tươi tiệt trùng Dalatmilk ít đường 180 ml (180 ml x 48),519.338₫,4.9,60k+ đã bán,https://shopee.vn/Th%C3%B9ng-48-h%E1%BB%99p-s%E1%BB%AFa-t%C6%B0%C6%A1i-ti%E1%BB%87t-tr%C3%B9ng-Dalatmilk-%C3%ADt-%C4%91%C6%B0%E1%BB%9Dng-180-ml-(180-ml-x-48)-i.626294568.11782404858?extraParams=%7B%22display_model_id%22%3A133611816415%2C%22model_selection_logic%22%3A3%7D
[Livestream] Thùng Thức uống Sữa trái cây TH true JUICE milk MISTORI Dâu tự nhiên 110 ml x 48 Hộp,267.914₫,4.9,2k+ đã bán,https://shopee.vn/-Livestream-Th%C3%B9ng-Th%E1%BB%A9c-u%E1%BB%91ng-S%E1%BB%AFa-tr%C3%A1i-c%C3%A2y-TH-true-JUICE-milk-MISTORI-D%C3%A2u-t%E1%BB%B1-nhi%C3%AAn-110-ml-x-48-H%E1%BB%99p-i.626294568.41672219674?extraParams=%7B%22display_model_id%22%3A306807688335%2C%22model_selection_logic%22%3A3%7D
Thùng sữa tươi tiệt trùng bổ sung ngũ cốc 180ml x 48 hộp,638.518₫,4.8,611 đã bán,https://shopee.vn/Th%C3%B9ng-s%E1%BB%AFa-t%C6%B0%C6%A1i-ti%E1%BB%87t-tr%C3%B9ng-b%E1%BB%95-sung-ng%C5%A9-c%E1%BB%91c-180ml-x-48-h%E1%BB%99p-i.626294568.24945493819?extraParams=%7B%22display_model_id%22%3A139383569263%2C%22model_selection_logic%22%3A3%7D
[LIVE STREAM] Thùng 48 hộp sữa tươi tiệt trùng Dalatmilk có đường 110 ml (110 ml x 48),325.612₫,4.9,10k+ đã bán,https://shopee.vn/-LIVE-STREAM-Th%C3%B9ng-48-h%E1%BB%99p-s%E1%BB%AFa-t%C6%B0%C6%A1i-ti%E1%BB%87t-tr%C3%B9ng-Dalatmilk-c%C3%B3-%C4%91%C6%B0%E1%BB%9Dng-110-ml-(110-ml-x-48)-i.626294568.29933931444?extraParams=%7B%22display_model_id%22%3A243217845503%2C%22model_selection_logic%22%3A3%7D
[LIVESTREAM] Thùng 48 hộp sữa hạt mắc ca TH true NUT 180 ml (180 ml x 48),676.206₫,4.9,9k+ đã bán,https://shopee.vn/-LIVESTREAM-Th%C3%B9ng-48-h%E1%BB%99p-s%E1%BB%AFa-h%E1%BA%A1t-m%E1%BA%AFc-ca-TH-true-NUT-180-ml-(180-ml-x-48)-i.626294568.29560902769?extraParams=%7B%22display_model_id%22%3A251570898675%2C%22model_selection_logic%22%3A3%7D
Thùng thức uống sữa lúa mạch TH true CHOCOMALT MISTORI 110ml (48 Hộp),300.003₫,4.9,10k+ đã bán,https://shopee.vn/Th%C3%B9ng-th%E1%BB%A9c-u%E1%BB%91ng-s%E1%BB%AFa-l%C3%BAa-m%E1%BA%A1ch-TH-true-CHOCOMALT-MISTORI-110ml-(48-H%E1%BB%99p)-i.626294568.23365622382?extraParams=%7B%22display_model_id%22%3A108069689927%2C%22model_selection_logic%22%3A3%7D
Thùng nước gạo rang TH true RICE 300ml (24 Chai),403.741₫,5.0,1k+ đã bán,https://shopee.vn/Th%C3%B9ng-n%C6%B0%E1%BB%9Bc-g%E1%BA%A1o-rang-TH-true-RICE-300ml-(24-Chai)-i.626294568.11280918480?extraParams=%7B%22display_model_id%22%3A151401097740%2C%22model_selection_logic%22%3A3%7D
Thùng 24 chai nước uống sữa trái cây TH true JUICE milk hương vị chuối tự nhiên 300 ml (300 ml x 24),304.747₫,4.9,3k+ đã bán,https://shopee.vn/Th%C3%B9ng-24-chai-n%C6%B0%E1%BB%9Bc-u%E1%BB%91ng-s%E1%BB%AFa-tr%C3%A1i-c%C3%A2y-TH-true-JUICE-milk-h%C6%B0%C6%A1ng-v%E1%BB%8B-chu%E1%BB%91i-t%E1%BB%B1-nhi%C3%AAn-300-ml-(300-ml-x-24)-i.626294568.21633450571?extraParams=%7B%22display_model_id%22%3A155442705252%2C%22model_selection_logic%22%3A3%7D
[Có quà tặng kèm] Thùng 48 hộp thức uống Sữa trái cây hương Dâu có thạch TH true JUICE milk MISTORI 180 ml x 48 hộp,507.830₫,4.9 Đánh giá shop,,https://shopee.vn/-C%C3%B3-qu%C3%A0-t%E1%BA%B7ng-k%C3%A8m-Th%C3%B9ng-48-h%E1%BB%99p-th%E1%BB%A9c-u%E1%BB%91ng-S%E1%BB%AFa-tr%C3%A1i-c%C3%A2y-h%C6%B0%C6%A1ng-D%C3%A2u-c%C3%B3-th%E1%BA%A1ch-TH-true-JUICE-milk-MISTORI-180-ml-x-48-h%E1%BB%99p-i.626294568.52460555501?extraParams=%7B%22display_model_id%22%3A445924750413%2C%22model_selection_logic%22%3A3%7D
"[Freeship HCM, HN, ĐN] Thùng 48 hộp sữa tươi tiệt trùng TH true MILK HILO vị tự nhiên 180 ml (180 ml x 48)",624.366₫,5.0,102 đã bán,https://shopee.vn/-Freeship-HCM-HN-%C4%90N-Th%C3%B9ng-48-h%E1%BB%99p-s%E1%BB%AFa-t%C6%B0%C6%A1i-ti%E1%BB%87t-tr%C3%B9ng-TH-true-MILK-HILO-v%E1%BB%8B-t%E1%BB%B1-nhi%C3%AAn-180-ml-(180-ml-x-48)-i.626294568.43401908329?extraParams=%7B%22display_model_id%22%3A59913368126%2C%22model_selection_logic%22%3A3%7D
Thùng 48 hộp sữa tươi tiệt trùng Dalatmilk ít đường 110 ml (110 ml x 48),325.612₫,4.9,70k+ đã bán,https://shopee.vn/Th%C3%B9ng-48-h%E1%BB%99p-s%E1%BB%AFa-t%C6%B0%C6%A1i-ti%E1%BB%87t-tr%C3%B9ng-Dalatmilk-%C3%ADt-%C4%91%C6%B0%E1%BB%9Dng-110-ml-(110-ml-x-48)-i.626294568.15335743409?extraParams=%7B%22display_model_id%22%3A123611448647%2C%22model_selection_logic%22%3A3%7D
[Có quà tặng kèm] Thùng 48 hộp thức uống Sữa trái cây hương Nho có thạch TH true JUICE milk MISTORI 180 ml x 48 hộp,507.830₫,4.8,33 đã bán,https://shopee.vn/-C%C3%B3-qu%C3%A0-t%E1%BA%B7ng-k%C3%A8m-Th%C3%B9ng-48-h%E1%BB%99p-th%E1%BB%A9c-u%E1%BB%91ng-S%E1%BB%AFa-tr%C3%A1i-c%C3%A2y-h%C6%B0%C6%A1ng-Nho-c%C3%B3-th%E1%BA%A1ch-TH-true-JUICE-milk-MISTORI-180-ml-x-48-h%E1%BB%99p-i.626294568.52160549089?extraParams=%7B%22display_model_id%22%3A400924750078%2C%22model_selection_logic%22%3A3%7D
Thùng 24 chai nước uống sữa trái cây Mãng Cầu Tự Nhiên TH true JUICE milk 300ml (300ml x 24 chai),304.747₫,5.0,1k+ đã bán,https://shopee.vn/Th%C3%B9ng-24-chai-n%C6%B0%E1%BB%9Bc-u%E1%BB%91ng-s%E1%BB%AFa-tr%C3%A1i-c%C3%A2y-M%C3%A3ng-C%E1%BA%A7u-T%E1%BB%B1-Nhi%C3%AAn-TH-true-JUICE-milk-300ml-(300ml-x-24-chai)-i.626294568.23364782300?extraParams=%7B%22display_model_id%22%3A197701234302%2C%22model_selection_logic%22%3A3%7D
Thùng 48 hộp sữa hạt hạnh nhân TH true NUT 180 ml (48 Hộp),641.896₫,4.9,5k+ đã bán,https://shopee.vn/Th%C3%B9ng-48-h%E1%BB%99p-s%E1%BB%AFa-h%E1%BA%A1t-h%E1%BA%A1nh-nh%C3%A2n-TH-true-NUT-180-ml-(48-H%E1%BB%99p)-i.626294568.14135586758?extraParams=%7B%22display_model_id%22%3A141674129421%2C%22model_selection_logic%22%3A3%7D
Thùng Trà Ô Long hương vị tự nhiên TH true TEA milk 350ml (24 Chai),264.085₫,4.9,1k+ đã bán,https://shopee.vn/Th%C3%B9ng-Tr%C3%A0-%C3%94-Long-h%C6%B0%C6%A1ng-v%E1%BB%8B-t%E1%BB%B1-nhi%C3%AAn-TH-true-TEA-milk-350ml-(24-Chai)-i.626294568.14430340447?extraParams=%7B%22display_model_id%22%3A141401845472%2C%22model_selection_logic%22%3A3%7D
Thùng Sữa Chua Uống Tiệt Trùng Hương Dâu TH True Yogurt milk 180ml (48 Hộp),457.908₫,4.9,4k+ đã bán,https://shopee.vn/Th%C3%B9ng-S%E1%BB%AFa-Chua-U%E1%BB%91ng-Ti%E1%BB%87t-Tr%C3%B9ng-H%C6%B0%C6%A1ng-D%C3%A2u-TH-True-Yogurt-milk-180ml-(48-H%E1%BB%99p)-i.626294568.14035562348?extraParams=%7B%22display_model_id%22%3A114946315462%2C%22model_selection_logic%22%3A3%7D
Thùng Sữa Hạt Óc Chó TH true NUT milk 1L (12 Hộp),682.665₫,4.9,1k+ đã bán,https://shopee.vn/Th%C3%B9ng-S%E1%BB%AFa-H%E1%BA%A1t-%C3%93c-Ch%C3%B3-TH-true-NUT-milk-1L-(12-H%E1%BB%99p)-i.626294568.15135653198?extraParams=%7B%22display_model_id%22%3A141677653717%2C%22model_selection_logic%22%3A3%7D
Thùng 48 hộp sữa tươi tiệt trùng TOPKID kem vanilla tự nhiên TH true MILK 180ml,638.049₫,4.9,70k+ đã bán,https://shopee.vn/Th%C3%B9ng-48-h%E1%BB%99p-s%E1%BB%AFa-t%C6%B0%C6%A1i-ti%E1%BB%87t-tr%C3%B9ng-TOPKID-kem-vanilla-t%E1%BB%B1-nhi%C3%AAn-TH-true-MILK-180ml-i.626294568.11982409426?extraParams=%7B%22display_model_id%22%3A151683668229%2C%22model_selection_logic%22%3A3%7D
Thùng 48 Hộp Sữa Hạt Mắc Ca TH true NUT milk 180ml (48 Hộp),641.896₫,4.9,8k+ đã bán,https://shopee.vn/Th%C3%B9ng-48-H%E1%BB%99p-S%E1%BB%AFa-H%E1%BA%A1t-M%E1%BA%AFc-Ca-TH-true-NUT-milk-180ml-(48-H%E1%BB%99p)-i.626294568.10382362173?extraParams=%7B%22display_model_id%22%3A28368994913%2C%22model_selection_logic%22%3A3%7D
Thùng Thức uống Sữa trái cây TH true JUICE milk MISTORI Nho tự nhiên 110 ml x 48 Hộp,267.914₫,4.9,8k+ đã bán,https://shopee.vn/Th%C3%B9ng-Th%E1%BB%A9c-u%E1%BB%91ng-S%E1%BB%AFa-tr%C3%A1i-c%C3%A2y-TH-true-JUICE-milk-MISTORI-Nho-t%E1%BB%B1-nhi%C3%AAn-110-ml-x-48-H%E1%BB%99p-i.626294568.29812558141?extraParams=%7B%22display_model_id%22%3A207839745886%2C%22model_selection_logic%22%3A3%7D
[Có quà tặng kèm] Thùng 48 hộp thức uống Sữa trái cây Nho tự nhiên TH true JUICE milk MISTORI 180 ml x 48 hộp,424.212₫,4.9 Đánh giá shop,,https://shopee.vn/-C%C3%B3-qu%C3%A0-t%E1%BA%B7ng-k%C3%A8m-Th%C3%B9ng-48-h%E1%BB%99p-th%E1%BB%A9c-u%E1%BB%91ng-S%E1%BB%AFa-tr%C3%A1i-c%C3%A2y-Nho-t%E1%BB%B1-nhi%C3%AAn-TH-true-JUICE-milk-MISTORI-180-ml-x-48-h%E1%BB%99p-i.626294568.54210544368?extraParams=%7B%22display_model_id%22%3A365924704044%2C%22model_selection_logic%22%3A3%7D
[LIVE STREAM] Thùng 48 hộp sữa tươi tiệt trùng Dalatmilk ít đường 110 ml (110 ml x 48),325.612₫,4.9,60k+ đã bán,https://shopee.vn/-LIVE-STREAM-Th%C3%B9ng-48-h%E1%BB%99p-s%E1%BB%AFa-t%C6%B0%C6%A1i-ti%E1%BB%87t-tr%C3%B9ng-Dalatmilk-%C3%ADt-%C4%91%C6%B0%E1%BB%9Dng-110-ml-(110-ml-x-48)-i.626294568.28933931283?extraParams=%7B%22display_model_id%22%3A167124285434%2C%22model_selection_logic%22%3A3%7D
Thùng 24 Chai Trà Đào TH true TEA milk Tự Nhiên 350ml (24 Chai),264.085₫,4.9,955 đã bán,https://shopee.vn/Th%C3%B9ng-24-Chai-Tr%C3%A0-%C4%90%C3%A0o-TH-true-TEA-milk-T%E1%BB%B1-Nhi%C3%AAn-350ml-(24-Chai)-i.626294568.26555992684?extraParams=%7B%22display_model_id%22%3A89608560102%2C%22model_selection_logic%22%3A3%7D
Thùng 24 chai Trà Vải Tự Nhiên TH true TEA 350ml (24 x 350ml),264.085₫,4.9,879 đã bán,https://shopee.vn/Th%C3%B9ng-24-chai-Tr%C3%A0-V%E1%BA%A3i-T%E1%BB%B1-Nhi%C3%AAn-TH-true-TEA-350ml-(24-x-350ml)-i.626294568.27105995640?extraParams=%7B%22display_model_id%22%3A217670334055%2C%22model_selection_logic%22%3A3%7D
[Có quà tặng kèm] Thùng 48 hộp thức uống Sữa trái cây hương Cam có thạch TH true JUICE milk MISTORI 180 ml x 48 hộp,507.830₫,5.0,16 đã bán,https://shopee.vn/-C%C3%B3-qu%C3%A0-t%E1%BA%B7ng-k%C3%A8m-Th%C3%B9ng-48-h%E1%BB%99p-th%E1%BB%A9c-u%E1%BB%91ng-S%E1%BB%AFa-tr%C3%A1i-c%C3%A2y-h%C6%B0%C6%A1ng-Cam-c%C3%B3-th%E1%BA%A1ch-TH-true-JUICE-milk-MISTORI-180-ml-x-48-h%E1%BB%99p-i.626294568.56160553209?extraParams=%7B%22display_model_id%22%3A410924743334%2C%22model_selection_logic%22%3A3%7D
[LIVESTREAM] Thùng 48 hộp sữa hạt hạnh nhân TH True Nut 180ml (180ml x 48),676.206₫,4.9,7k+ đã bán,https://shopee.vn/-LIVESTREAM-Th%C3%B9ng-48-h%E1%BB%99p-s%E1%BB%AFa-h%E1%BA%A1t-h%E1%BA%A1nh-nh%C3%A2n-TH-True-Nut-180ml-(180ml-x-48)-i.626294568.26805545663?extraParams=%7B%22display_model_id%22%3A59793226463%2C%22model_selection_logic%22%3A3%7D
Thùng Sữa Hạt Hạnh Nhân TH true NUT milk 1L (12 Hộp),682.665₫,4.9,1k+ đã bán,https://shopee.vn/Th%C3%B9ng-S%E1%BB%AFa-H%E1%BA%A1t-H%E1%BA%A1nh-Nh%C3%A2n-TH-true-NUT-milk-1L-(12-H%E1%BB%99p)-i.626294568.15235592823?extraParams=%7B%22display_model_id%22%3A104947277301%2C%22model_selection_logic%22%3A3%7D
Thùng 24 chai Trà Ổi Tự Nhiên TH true TEA 350 ml,264.085₫,4.9,386 đã bán,https://shopee.vn/Th%C3%B9ng-24-chai-Tr%C3%A0-%E1%BB%94i-T%E1%BB%B1-Nhi%C3%AAn-TH-true-TEA-350-ml-i.626294568.41653190577?extraParams=%7B%22display_model_id%22%3A253482100716%2C%22model_selection_logic%22%3A3%7D
[Livestream] Thùng Sữa Chua Uống Tiệt Trùng TH true YOGURT TOPKID milk Hương Dâu 110ml (48 Hộp),262.523₫,4.9,5k+ đã bán,https://shopee.vn/-Livestream-Th%C3%B9ng-S%E1%BB%AFa-Chua-U%E1%BB%91ng-Ti%E1%BB%87t-Tr%C3%B9ng-TH-true-YOGURT-TOPKID-milk-H%C6%B0%C6%A1ng-D%C3%A2u-110ml-(48-H%E1%BB%99p)-i.626294568.42672235709?extraParams=%7B%22display_model_id%22%3A296808105626%2C%22model_selection_logic%22%3A3%7D
[MỚI-Thơm Ngon Ngậy] Thùng 48 hộp sữa yến mạch vị tự nhiên  TH true OAT 180 ml (180 ml x 48 hộp),551.564₫,4.9,435 đã bán,https://shopee.vn/-M%E1%BB%9AI-Th%C6%A1m-Ngon-Ng%E1%BA%ADy-Th%C3%B9ng-48-h%E1%BB%99p-s%E1%BB%AFa-y%E1%BA%BFn-m%E1%BA%A1ch-v%E1%BB%8B-t%E1%BB%B1-nhi%C3%AAn-TH-true-OAT-180-ml-(180-ml-x-48-h%E1%BB%99p)-i.626294568.46208889059?extraParams=%7B%22display_model_id%22%3A415787033382%2C%22model_selection_logic%22%3A3%7D
[Có quà tặng kèm] Thùng 48 hộp thức uống Sữa trái cây Cam tự nhiên TH true JUICE milk MISTORI 180 ml x 48 hộp,424.212₫,5.0,40 đã bán,https://shopee.vn/-C%C3%B3-qu%C3%A0-t%E1%BA%B7ng-k%C3%A8m-Th%C3%B9ng-48-h%E1%BB%99p-th%E1%BB%A9c-u%E1%BB%91ng-S%E1%BB%AFa-tr%C3%A1i-c%C3%A2y-Cam-t%E1%BB%B1-nhi%C3%AAn-TH-true-JUICE-milk-MISTORI-180-ml-x-48-h%E1%BB%99p-i.626294568.52110552983?extraParams=%7B%22display_model_id%22%3A440924715292%2C%22model_selection_logic%22%3A3%7D
[Livestream] Thùng thức uống sữa lúa mạch TH true CHOCOMALT MISTORI 110ml (48 Hộp),300.003₫,5.0,1k+ đã bán,https://shopee.vn/-Livestream-Th%C3%B9ng-th%E1%BB%A9c-u%E1%BB%91ng-s%E1%BB%AFa-l%C3%BAa-m%E1%BA%A1ch-TH-true-CHOCOMALT-MISTORI-110ml-(48-H%E1%BB%99p)-i.626294568.42722230237?extraParams=%7B%22display_model_id%22%3A179085904868%2C%22model_selection_logic%22%3A3%7D
[LIVE STREAM] Thùng 48 hộp sữa hạt mắc ca TH true NUT 180 ml (180 ml x 48),676.206₫,4.9,1k+ đã bán,https://shopee.vn/-LIVE-STREAM-Th%C3%B9ng-48-h%E1%BB%99p-s%E1%BB%AFa-h%E1%BA%A1t-m%E1%BA%AFc-ca-TH-true-NUT-180-ml-(180-ml-x-48)-i.626294568.24374323798?extraParams=%7B%22display_model_id%22%3A187435545492%2C%22model_selection_logic%22%3A3%7D
[LIVESTREAM]Thùng 24 hộp sản phẩm dinh dưỡng công thức sữa tươi TH True Formula 180ml (180ml x 24),478.592₫,4.9,20k+ đã bán,https://shopee.vn/-LIVESTREAM-Th%C3%B9ng-24-h%E1%BB%99p-s%E1%BA%A3n-ph%E1%BA%A9m-dinh-d%C6%B0%E1%BB%A1ng-c%C3%B4ng-th%E1%BB%A9c-s%E1%BB%AFa-t%C6%B0%C6%A1i-TH-True-Formula-180ml-(180ml-x-24)-i.626294568.24074319658?extraParams=%7B%22display_model_id%22%3A207435553953%2C%22model_selection_logic%22%3A3%7D
Thùng 24 chai Trà Tắc Tự Nhiên TH true TEA 350 ml,264.085₫,4.9,566 đã bán,https://shopee.vn/Th%C3%B9ng-24-chai-Tr%C3%A0-T%E1%BA%AFc-T%E1%BB%B1-Nhi%C3%AAn-TH-true-TEA-350-ml-i.626294568.24545425644?extraParams=%7B%22display_model_id%22%3A280264274324%2C%22model_selection_logic%22%3A3%7D
Thùng 24 chai nước uống sữa trái cây TH true JUICE milk việt quất tự nhiên 300 ml (300 ml x 24),304.747₫,4.9,2k+ đã bán,https://shopee.vn/Th%C3%B9ng-24-chai-n%C6%B0%E1%BB%9Bc-u%E1%BB%91ng-s%E1%BB%AFa-tr%C3%A1i-c%C3%A2y-TH-true-JUICE-milk-vi%E1%BB%87t-qu%E1%BA%A5t-t%E1%BB%B1-nhi%C3%AAn-300-ml-(300-ml-x-24)-i.626294568.16981900964?extraParams=%7B%22display_model_id%22%3A181720645907%2C%22model_selection_logic%22%3A3%7D
"[Freeship HCM, HN, ĐN] Thùng 48 hộp sữa tươi tiệt trùng Dalatmilk ít đường 110 ml (110 ml x 48)",325.612₫,4.9,539 đã bán,https://shopee.vn/-Freeship-HCM-HN-%C4%90N-Th%C3%B9ng-48-h%E1%BB%99p-s%E1%BB%AFa-t%C6%B0%C6%A1i-ti%E1%BB%87t-tr%C3%B9ng-Dalatmilk-%C3%ADt-%C4%91%C6%B0%E1%BB%9Dng-110-ml-(110-ml-x-48)-i.626294568.43151903608?extraParams=%7B%22display_model_id%22%3A285155532675%2C%22model_selection_logic%22%3A3%7D
Thùng Sữa Chua Uống Tiệt Trùng TH True Yogurt milk Hương Cam 180ml (48 Hộp),457.908₫,4.9,4k+ đã bán,https://shopee.vn/Th%C3%B9ng-S%E1%BB%AFa-Chua-U%E1%BB%91ng-Ti%E1%BB%87t-Tr%C3%B9ng-TH-True-Yogurt-milk-H%C6%B0%C6%A1ng-Cam-180ml-(48-H%E1%BB%99p)-i.626294568.14134884187?extraParams=%7B%22display_model_id%22%3A133581278484%2C%22model_selection_logic%22%3A3%7D
Thùng 24 Chai Nước Gạo Lứt Đỏ TH true RICE milk 300ml (24 Chai),403.741₫,4.9,2k+ đã bán,https://shopee.vn/Th%C3%B9ng-24-Chai-N%C6%B0%E1%BB%9Bc-G%E1%BA%A1o-L%E1%BB%A9t-%C4%90%E1%BB%8F-TH-true-RICE-milk-300ml-(24-Chai)-i.626294568.13165212071?extraParams=%7B%22display_model_id%22%3A151307688615%2C%22model_selection_logic%22%3A3%7D
[Livestream] Thùng 48 Hộp Thức uống sữa lúa mạch TH true CHOCOMALT MISTORI milk 180 ml (48 Hộp),478.488₫,5.0,1k+ đã bán,https://shopee.vn/-Livestream-Th%C3%B9ng-48-H%E1%BB%99p-Th%E1%BB%A9c-u%E1%BB%91ng-s%E1%BB%AFa-l%C3%BAa-m%E1%BA%A1ch-TH-true-CHOCOMALT-MISTORI-milk-180-ml-(48-H%E1%BB%99p)-i.626294568.43072219193?extraParams=%7B%22display_model_id%22%3A266807787602%2C%22model_selection_logic%22%3A3%7D
[LIVESTREAM] Thùng 48 hộp sữa tươi tiệt trùng TH true MILK hương chuối 180 ml (180 ml x 48),576.720₫,5.0,14 đã bán,https://shopee.vn/-LIVESTREAM-Th%C3%B9ng-48-h%E1%BB%99p-s%E1%BB%AFa-t%C6%B0%C6%A1i-ti%E1%BB%87t-tr%C3%B9ng-TH-true-MILK-h%C6%B0%C6%A1ng-chu%E1%BB%91i-180-ml-(180-ml-x-48)-i.626294568.51860541860?extraParams=%7B%22display_model_id%22%3A405923853670%2C%22model_selection_logic%22%3A3%7D
[Livestream] Thùng 48 hộp thức uống Sữa Lúa mạch Có Thạch TH true CHOCOMALT MISTORI 180 ml (180 ml x 48),511.407₫,4.9,701 đã bán,https://shopee.vn/-Livestream-Th%C3%B9ng-48-h%E1%BB%99p-th%E1%BB%A9c-u%E1%BB%91ng-S%E1%BB%AFa-L%C3%BAa-m%E1%BA%A1ch-C%C3%B3-Th%E1%BA%A1ch-TH-true-CHOCOMALT-MISTORI-180-ml-(180-ml-x-48)-i.626294568.43772224855?extraParams=%7B%22display_model_id%22%3A301807863515%2C%22model_selection_logic%22%3A3%7D
[LIVE STREAM] Thùng 48 hộp sữa tươi tiệt trùng  Dalatmilk có đường 180 ml (180 ml x 48),519.338₫,4.9,5k+ đã bán,https://shopee.vn/-LIVE-STREAM-Th%C3%B9ng-48-h%E1%BB%99p-s%E1%BB%AFa-t%C6%B0%C6%A1i-ti%E1%BB%87t-tr%C3%B9ng-Dalatmilk-c%C3%B3-%C4%91%C6%B0%E1%BB%9Dng-180-ml-(180-ml-x-48)-i.626294568.29383927856?extraParams=%7B%22display_model_id%22%3A198439557125%2C%22model_selection_logic%22%3A3%7D
Thùng 48 hộp sữa tươi tiệt trùng TH true MILK TOPKID Organic vị kem vanilla tự nhiên 180ml (180ml x48),638.050₫,4.9,3k+ đã bán,https://shopee.vn/Th%C3%B9ng-48-h%E1%BB%99p-s%E1%BB%AFa-t%C6%B0%C6%A1i-ti%E1%BB%87t-tr%C3%B9ng-TH-true-MILK-TOPKID-Organic-v%E1%BB%8B-kem-vanilla-t%E1%BB%B1-nhi%C3%AAn-180ml-(180ml-x48)-i.626294568.42852721010?extraParams=%7B%22display_model_id%22%3A280223618524%2C%22model_selection_logic%22%3A3%7D
[LIVESTREAM] Thùng 48 hộp sữa hạt óc chó TH true NUT 180ml (180 ml x 48),676.206₫,4.9,10k+ đã bán,https://shopee.vn/-LIVESTREAM-Th%C3%B9ng-48-h%E1%BB%99p-s%E1%BB%AFa-h%E1%BA%A1t-%C3%B3c-ch%C3%B3-TH-true-NUT-180ml-(180-ml-x-48)-i.626294568.25224318235?extraParams=%7B%22display_model_id%22%3A158587530425%2C%22model_selection_logic%22%3A3%7D
[LIVESTREAM] Thùng sữa hạt óc chó TH True Nut 180ml x 48 hộp,676.206₫,4.9,1k+ đã bán,https://shopee.vn/-LIVESTREAM-Th%C3%B9ng-s%E1%BB%AFa-h%E1%BA%A1t-%C3%B3c-ch%C3%B3-TH-True-Nut-180ml-x-48-h%E1%BB%99p-i.626294568.26705054976?extraParams=%7B%22display_model_id%22%3A127979840650%2C%22model_selection_logic%22%3A3%7D
[LIVESTREAM KOL] Thùng 24 hộp sản phẩm dinh dưỡng công thức sữa tươi TH True Formula 180ml (180ml x 24),478.592₫,4.9,2k+ đã bán,https://shopee.vn/-LIVESTREAM-KOL-Th%C3%B9ng-24-h%E1%BB%99p-s%E1%BA%A3n-ph%E1%BA%A9m-dinh-d%C6%B0%E1%BB%A1ng-c%C3%B4ng-th%E1%BB%A9c-s%E1%BB%AFa-t%C6%B0%C6%A1i-TH-True-Formula-180ml-(180ml-x-24)-i.626294568.24235900377?extraParams=%7B%22display_model_id%22%3A256570875228%2C%22model_selection_logic%22%3A3%7D
Thùng Sữa Chua Uống Tiệt Trùng TH true YOGURT TOPKID milk Hương Dâu 110ml (48 Hộp),262.523₫,4.9,20k+ đã bán,https://shopee.vn/Th%C3%B9ng-S%E1%BB%AFa-Chua-U%E1%BB%91ng-Ti%E1%BB%87t-Tr%C3%B9ng-TH-true-YOGURT-TOPKID-milk-H%C6%B0%C6%A1ng-D%C3%A2u-110ml-(48-H%E1%BB%99p)-i.626294568.13268767013?extraParams=%7B%22display_model_id%22%3A141673728912%2C%22model_selection_logic%22%3A3%7D
[Giảm 30% - HSD 19.7.2026] Thùng 24 chai nước trái cây TH true JUICE cam tự nhiên 350 ml (350 ml x 24),400.870₫,4.7,455 đã bán,https://shopee.vn/-Gi%E1%BA%A3m-30-HSD-19.7.2026-Th%C3%B9ng-24-chai-n%C6%B0%E1%BB%9Bc-tr%C3%A1i-c%C3%A2y-TH-true-JUICE-cam-t%E1%BB%B1-nhi%C3%AAn-350-ml-(350-ml-x-24)-i.626294568.14330342822?extraParams=%7B%22display_model_id%22%3A151401962569%2C%22model_selection_logic%22%3A3%7D
[Livestream] Thùng Sữa Chua Uống Tiệt Trùng TH true YOGURT TOPKID milk Hương Cam 110ml (48 Hộp),262.523₫,4.9,6k+ đã bán,https://shopee.vn/-Livestream-Th%C3%B9ng-S%E1%BB%AFa-Chua-U%E1%BB%91ng-Ti%E1%BB%87t-Tr%C3%B9ng-TH-true-YOGURT-TOPKID-milk-H%C6%B0%C6%A1ng-Cam-110ml-(48-H%E1%BB%99p)-i.626294568.27342405426?extraParams=%7B%22display_model_id%22%3A179085951187%2C%22model_selection_logic%22%3A3%7D
Thùng 24 chai nước trái cây TH true JUICE táo tự nhiên 350 ml (350 ml x 24),529.240₫,4.9,1k+ đã bán,https://shopee.vn/Th%C3%B9ng-24-chai-n%C6%B0%E1%BB%9Bc-tr%C3%A1i-c%C3%A2y-TH-true-JUICE-t%C3%A1o-t%E1%BB%B1-nhi%C3%AAn-350-ml-(350-ml-x-24)-i.626294568.11580924623?extraParams=%7B%22display_model_id%22%3A86460652348%2C%22model_selection_logic%22%3A3%7D
Thùng 24 chai nước uống sữa trái cây TH true JUICE milk dâu tự nhiên 300 ml (300 ml x 24),304.747₫,4.9,3k+ đã bán,https://shopee.vn/Th%C3%B9ng-24-chai-n%C6%B0%E1%BB%9Bc-u%E1%BB%91ng-s%E1%BB%AFa-tr%C3%A1i-c%C3%A2y-TH-true-JUICE-milk-d%C3%A2u-t%E1%BB%B1-nhi%C3%AAn-300-ml-(300-ml-x-24)-i.626294568.14830365364?extraParams=%7B%22display_model_id%22%3A28315754003%2C%22model_selection_logic%22%3A3%7D
Thùng 48 hộp sữa hạt hạnh nhân TH True Nut 180ml x 48 hộp,676.206₫,4.9,585 đã bán,https://shopee.vn/Th%C3%B9ng-48-h%E1%BB%99p-s%E1%BB%AFa-h%E1%BA%A1t-h%E1%BA%A1nh-nh%C3%A2n-TH-True-Nut-180ml-x-48-h%E1%BB%99p-i.626294568.26860893217?extraParams=%7B%22display_model_id%22%3A223207487181%2C%22model_selection_logic%22%3A3%7D
Thùng 48 hộp sữa tươi tiệt trùng Dalatmilk có đường 110 ml (110 ml x 48),325.612₫,4.9,9k+ đã bán,https://shopee.vn/Th%C3%B9ng-48-h%E1%BB%99p-s%E1%BB%AFa-t%C6%B0%C6%A1i-ti%E1%BB%87t-tr%C3%B9ng-Dalatmilk-c%C3%B3-%C4%91%C6%B0%E1%BB%9Dng-110-ml-(110-ml-x-48)-i.626294568.11482403262?extraParams=%7B%22display_model_id%22%3A114952078334%2C%22model_selection_logic%22%3A3%7D
Thùng Sữa Chua Uống Tiệt Trùng TH true YOGURT TOPKID milk Hương Dâu-Chuối-Lúa Mạch 110ml (48 Hộp),262.523₫,4.9,30k+ đã bán,https://shopee.vn/Th%C3%B9ng-S%E1%BB%AFa-Chua-U%E1%BB%91ng-Ti%E1%BB%87t-Tr%C3%B9ng-TH-true-YOGURT-TOPKID-milk-H%C6%B0%C6%A1ng-D%C3%A2u-Chu%E1%BB%91i-L%C3%BAa-M%E1%BA%A1ch-110ml-(48-H%E1%BB%99p)-i.626294568.14635583754?extraParams=%7B%22display_model_id%22%3A151673975435%2C%22model_selection_logic%22%3A3%7D
[Livestream] Thùng Sữa Chua Uống Tiệt Trùng TH true YOGURT TOPKID milk Hương Dâu Tự Nhiên 180ml (48 Hộp),416.695₫,4.9,1k+ đã bán,https://shopee.vn/-Livestream-Th%C3%B9ng-S%E1%BB%AFa-Chua-U%E1%BB%91ng-Ti%E1%BB%87t-Tr%C3%B9ng-TH-true-YOGURT-TOPKID-milk-H%C6%B0%C6%A1ng-D%C3%A2u-T%E1%BB%B1-Nhi%C3%AAn-180ml-(48-H%E1%BB%99p)-i.626294568.29542400909?extraParams=%7B%22display_model_id%22%3A291808210206%2C%22model_selection_logic%22%3A3%7D
Combo 1 Thùng sữa tươi tiệt trùng tự nhiên Dalatmilk và 1 Thùng sữa hạt mắc ca TH true Nut 180ml x 96 hộp,1.144.767₫,5.0,8 đã bán,https://shopee.vn/Combo-1-Th%C3%B9ng-s%E1%BB%AFa-t%C6%B0%C6%A1i-ti%E1%BB%87t-tr%C3%B9ng-t%E1%BB%B1-nhi%C3%AAn-Dalatmilk-v%C3%A0-1-Th%C3%B9ng-s%E1%BB%AFa-h%E1%BA%A1t-m%E1%BA%AFc-ca-TH-true-Nut-180ml-x-96-h%E1%BB%99p-i.626294568.41630077849?extraParams=%7B%22display_model_id%22%3A420787413982%2C%22model_selection_logic%22%3A3%7D
Combo 1 Thùng sữa tươi tiệt trùng TH true Milk HILO và 1 Thùng sữa hạt óc chó TH true Nut 180ml x 96 hộp,1.244.544₫,4.8,59 đã bán,https://shopee.vn/Combo-1-Th%C3%B9ng-s%E1%BB%AFa-t%C6%B0%C6%A1i-ti%E1%BB%87t-tr%C3%B9ng-TH-true-Milk-HILO-v%C3%A0-1-Th%C3%B9ng-s%E1%BB%AFa-h%E1%BA%A1t-%C3%B3c-ch%C3%B3-TH-true-Nut-180ml-x-96-h%E1%BB%99p-i.626294568.54256980618?extraParams=%7B%22display_model_id%22%3A272444296098%2C%22model_selection_logic%22%3A3%7D
[LIVESTREAM] Thùng sữa chua uống tiệt trùng TH TOPKID hương dâu-chuối-lúa mạch tự nhiên 110ml x 48 hộp,262.523₫,4.9,20k+ đã bán,https://shopee.vn/-LIVESTREAM-Th%C3%B9ng-s%E1%BB%AFa-chua-u%E1%BB%91ng-ti%E1%BB%87t-tr%C3%B9ng-TH-TOPKID-h%C6%B0%C6%A1ng-d%C3%A2u-chu%E1%BB%91i-l%C3%BAa-m%E1%BA%A1ch-t%E1%BB%B1-nhi%C3%AAn-110ml-x-48-h%E1%BB%99p-i.626294568.24179107642?extraParams=%7B%22display_model_id%22%3A236309680636%2C%22model_selection_logic%22%3A3%7D
Combo 1 Thùng sữa hạt óc chó TH true Nut và 1 Thùng sữa yến mạch Sô cô la TH true Oat 180ml x 96 hộp,1.151.035₫,4.7,35 đã bán,https://shopee.vn/Combo-1-Th%C3%B9ng-s%E1%BB%AFa-h%E1%BA%A1t-%C3%B3c-ch%C3%B3-TH-true-Nut-v%C3%A0-1-Th%C3%B9ng-s%E1%BB%AFa-y%E1%BA%BFn-m%E1%BA%A1ch-S%C3%B4-c%C3%B4-la-TH-true-Oat-180ml-x-96-h%E1%BB%99p-i.626294568.40479148617?extraParams=%7B%22display_model_id%22%3A370623302095%2C%22model_selection_logic%22%3A3%7D
Thùng Sữa Chua Uống Tiệt Trùng TH true YOGURT TOPKID milk Hương Dâu Tự Nhiên 180ml (48 Hộp),416.695₫,4.8,3k+ đã bán,https://shopee.vn/Th%C3%B9ng-S%E1%BB%AFa-Chua-U%E1%BB%91ng-Ti%E1%BB%87t-Tr%C3%B9ng-TH-true-YOGURT-TOPKID-milk-H%C6%B0%C6%A1ng-D%C3%A2u-T%E1%BB%B1-Nhi%C3%AAn-180ml-(48-H%E1%BB%99p)-i.626294568.22835577780?extraParams=%7B%22display_model_id%22%3A137512540273%2C%22model_selection_logic%22%3A3%7D
Thùng 24 chai nước uống sữa trái cây TH true JUICE milk cam tự nhiên 300 ml (300 ml x 24),304.747₫,4.9,2k+ đã bán,https://shopee.vn/Th%C3%B9ng-24-chai-n%C6%B0%E1%BB%9Bc-u%E1%BB%91ng-s%E1%BB%AFa-tr%C3%A1i-c%C3%A2y-TH-true-JUICE-milk-cam-t%E1%BB%B1-nhi%C3%AAn-300-ml-(300-ml-x-24)-i.626294568.13066256465?extraParams=%7B%22display_model_id%22%3A104783551879%2C%22model_selection_logic%22%3A3%7D
Thùng Sữa Chua Uống Tiệt Trùng TH true YOGURT TOPKID milk Hương Cam 110ml (48 Hộp),262.523₫,4.9,20k+ đã bán,https://shopee.vn/Th%C3%B9ng-S%E1%BB%AFa-Chua-U%E1%BB%91ng-Ti%E1%BB%87t-Tr%C3%B9ng-TH-true-YOGURT-TOPKID-milk-H%C6%B0%C6%A1ng-Cam-110ml-(48-H%E1%BB%99p)-i.626294568.15335574184?extraParams=%7B%22display_model_id%22%3A104946757014%2C%22model_selection_logic%22%3A3%7D
Thùng Thức uống Sữa trái cây TH true JUICE milk MISTORI Dâu tự nhiên 110 ml x 48 Hộp,267.914₫,4.9,6k+ đã bán,https://shopee.vn/Th%C3%B9ng-Th%E1%BB%A9c-u%E1%BB%91ng-S%E1%BB%AFa-tr%C3%A1i-c%C3%A2y-TH-true-JUICE-milk-MISTORI-D%C3%A2u-t%E1%BB%B1-nhi%C3%AAn-110-ml-x-48-H%E1%BB%99p-i.626294568.28762558306?extraParams=%7B%22display_model_id%22%3A207839738944%2C%22model_selection_logic%22%3A3%7D
Thùng Sữa Chua Uống Tiệt Trùng TH true YOGURT TOPKID milk Hương Cam 180ml (48 Hộp),416.695₫,4.9,4k+ đã bán,https://shopee.vn/Th%C3%B9ng-S%E1%BB%AFa-Chua-U%E1%BB%91ng-Ti%E1%BB%87t-Tr%C3%B9ng-TH-true-YOGURT-TOPKID-milk-H%C6%B0%C6%A1ng-Cam-180ml-(48-H%E1%BB%99p)-i.626294568.23933335651?extraParams=%7B%22display_model_id%22%3A204079164073%2C%22model_selection_logic%22%3A3%7D
Thùng 48 hộp sữa chua uống tiệt trùng TH true YOGURT TOPKID hương cam tự nhiên 180 ml (180 ml x 48),416.695₫,5.0,316 đã bán,https://shopee.vn/Th%C3%B9ng-48-h%E1%BB%99p-s%E1%BB%AFa-chua-u%E1%BB%91ng-ti%E1%BB%87t-tr%C3%B9ng-TH-true-YOGURT-TOPKID-h%C6%B0%C6%A1ng-cam-t%E1%BB%B1-nhi%C3%AAn-180-ml-(180-ml-x-48)-i.626294568.41202710986?extraParams=%7B%22display_model_id%22%3A234264307507%2C%22model_selection_logic%22%3A3%7D
Combo 1 Thùng sữa tươi tiệt trùng tự nhiên Dalatmilk và 1 Thùng sữa hạt óc chó TH true Nut 180ml x 96 hộp,1.144.767₫,3.0,18 đã bán,https://shopee.vn/Combo-1-Th%C3%B9ng-s%E1%BB%AFa-t%C6%B0%C6%A1i-ti%E1%BB%87t-tr%C3%B9ng-t%E1%BB%B1-nhi%C3%AAn-Dalatmilk-v%C3%A0-1-Th%C3%B9ng-s%E1%BB%AFa-h%E1%BA%A1t-%C3%B3c-ch%C3%B3-TH-true-Nut-180ml-x-96-h%E1%BB%99p-i.626294568.53108880946?extraParams=%7B%22display_model_id%22%3A405787417171%2C%22model_selection_logic%22%3A3%7D
Thùng 48 hộp sữa chua uống tiệt trùng TH true YOGURT TOPKID hương dâu tự nhiên 180 ml (180 ml x 48),416.695₫,4.7,566 đã bán,https://shopee.vn/Th%C3%B9ng-48-h%E1%BB%99p-s%E1%BB%AFa-chua-u%E1%BB%91ng-ti%E1%BB%87t-tr%C3%B9ng-TH-true-YOGURT-TOPKID-h%C6%B0%C6%A1ng-d%C3%A2u-t%E1%BB%B1-nhi%C3%AAn-180-ml-(180-ml-x-48)-i.626294568.26287068368?extraParams=%7B%22display_model_id%22%3A248469125331%2C%22model_selection_logic%22%3A3%7D
[Livestream] Thùng Sữa Chua Uống Tiệt Trùng TH true YOGURT TOPKID milk Hương Cam 180ml (48 Hộp),416.695₫,4.9,1k+ đã bán,https://shopee.vn/-Livestream-Th%C3%B9ng-S%E1%BB%AFa-Chua-U%E1%BB%91ng-Ti%E1%BB%87t-Tr%C3%B9ng-TH-true-YOGURT-TOPKID-milk-H%C6%B0%C6%A1ng-Cam-180ml-(48-H%E1%BB%99p)-i.626294568.43322235615?extraParams=%7B%22display_model_id%22%3A306808142131%2C%22model_selection_logic%22%3A3%7D
[LIVESTREAM] Hộp 10 gói Cháo tươi tôm phô mai TH true Food 240 g (240 g x10 gói),309.669₫,5.0,110 đã bán,https://shopee.vn/-LIVESTREAM-H%E1%BB%99p-10-g%C3%B3i-Ch%C3%A1o-t%C6%B0%C6%A1i-t%C3%B4m-ph%C3%B4-mai-TH-true-Food-240-g-(240-g-x10-g%C3%B3i)-i.626294568.47601674519?extraParams=%7B%22display_model_id%22%3A440149155601%2C%22model_selection_logic%22%3A3%7D
Combo 1 Thùng sữa tươi tiệt trùng ít đường Dalatmilk và 1 Thùng sữa hạt mắc ca TH true Nut 180ml x 96 hộp,1.144.767₫,5.0,10 đã bán,https://shopee.vn/Combo-1-Th%C3%B9ng-s%E1%BB%AFa-t%C6%B0%C6%A1i-ti%E1%BB%87t-tr%C3%B9ng-%C3%ADt-%C4%91%C6%B0%E1%BB%9Dng-Dalatmilk-v%C3%A0-1-Th%C3%B9ng-s%E1%BB%AFa-h%E1%BA%A1t-m%E1%BA%AFc-ca-TH-true-Nut-180ml-x-96-h%E1%BB%99p-i.626294568.27644589798?extraParams=%7B%22display_model_id%22%3A395787410986%2C%22model_selection_logic%22%3A3%7D
Thùng 48 hộp sữa chua uống tiệt trùng  TH true YOGURT TOPKID hương cam tự nhiên 110 ml (110 ml x 48),262.523₫,4.9,1k+ đã bán,https://shopee.vn/Th%C3%B9ng-48-h%E1%BB%99p-s%E1%BB%AFa-chua-u%E1%BB%91ng-ti%E1%BB%87t-tr%C3%B9ng-TH-true-YOGURT-TOPKID-h%C6%B0%C6%A1ng-cam-t%E1%BB%B1-nhi%C3%AAn-110-ml-(110-ml-x-48)-i.626294568.43802725038?extraParams=%7B%22display_model_id%22%3A305223453508%2C%22model_selection_logic%22%3A3%7D
Hộp 10 gói cháo tươi sườn tổ yến TH true FOOD 240 gr (240 gr x 10 gói),496.033₫,4.6,123 đã bán,https://shopee.vn/H%E1%BB%99p-10-g%C3%B3i-ch%C3%A1o-t%C6%B0%C6%A1i-s%C6%B0%E1%BB%9Dn-t%E1%BB%95-y%E1%BA%BFn-TH-true-FOOD-240-gr-(240-gr-x-10-g%C3%B3i)-i.626294568.41910588256?extraParams=%7B%22display_model_id%22%3A280890466451%2C%22model_selection_logic%22%3A3%7D
Combo 1 Thùng sữa tươi tiệt trùng ít đường Dalatmilk và 1 Thùng sữa hạt óc chó TH true Nut 180ml x 96 hộp,1.144.767₫,4.9 Đánh giá shop,,https://shopee.vn/Combo-1-Th%C3%B9ng-s%E1%BB%AFa-t%C6%B0%C6%A1i-ti%E1%BB%87t-tr%C3%B9ng-%C3%ADt-%C4%91%C6%B0%E1%BB%9Dng-Dalatmilk-v%C3%A0-1-Th%C3%B9ng-s%E1%BB%AFa-h%E1%BA%A1t-%C3%B3c-ch%C3%B3-TH-true-Nut-180ml-x-96-h%E1%BB%99p-i.626294568.53758871834?extraParams=%7B%22display_model_id%22%3A440787339541%2C%22model_selection_logic%22%3A3%7D
Combo 1 Thùng sữa tươi tiệt trùng ít đường Dalatmilk và 1 Thùng sữa hạt hạnh nhân TH true Nut 180ml x 96 hộp,1.144.767₫,4.9 Đánh giá shop,,https://shopee.vn/Combo-1-Th%C3%B9ng-s%E1%BB%AFa-t%C6%B0%C6%A1i-ti%E1%BB%87t-tr%C3%B9ng-%C3%ADt-%C4%91%C6%B0%E1%BB%9Dng-Dalatmilk-v%C3%A0-1-Th%C3%B9ng-s%E1%BB%AFa-h%E1%BA%A1t-h%E1%BA%A1nh-nh%C3%A2n-TH-true-Nut-180ml-x-96-h%E1%BB%99p-i.626294568.28194342950?extraParams=%7B%22display_model_id%22%3A325623292659%2C%22model_selection_logic%22%3A3%7D
[LIVESTREAM] Hộp 10 gói cháo tươi thịt heo bí đỏ TH true FOOD 150 g (150 g x10 gói),243.530₫,4.9,137 đã bán,https://shopee.vn/-LIVESTREAM-H%E1%BB%99p-10-g%C3%B3i-ch%C3%A1o-t%C6%B0%C6%A1i-th%E1%BB%8Bt-heo-b%C3%AD-%C4%91%E1%BB%8F-TH-true-FOOD-150-g-(150-g-x10-g%C3%B3i)-i.626294568.40326557116?extraParams=%7B%22display_model_id%22%3A307168997493%2C%22model_selection_logic%22%3A3%7D
Hộp 10 gói Cháo tươi thịt gà ngô nấm TH true Food 240 g (240 g x10 gói),309.669₫,4.9,1k+ đã bán,https://shopee.vn/H%E1%BB%99p-10-g%C3%B3i-Ch%C3%A1o-t%C6%B0%C6%A1i-th%E1%BB%8Bt-g%C3%A0-ng%C3%B4-n%E1%BA%A5m-TH-true-Food-240-g-(240-g-x10-g%C3%B3i)-i.626294568.24387685055?extraParams=%7B%22display_model_id%22%3A197922090839%2C%22model_selection_logic%22%3A3%7D
[LIVESTREAM] Thùng sữa chua uống tiệt trùng TOPKID hương dâu-chuối-lúa mạch tự nhiên 110ml x 48 hộp,262.523₫,4.9,5k+ đã bán,https://shopee.vn/-LIVESTREAM-Th%C3%B9ng-s%E1%BB%AFa-chua-u%E1%BB%91ng-ti%E1%BB%87t-tr%C3%B9ng-TOPKID-h%C6%B0%C6%A1ng-d%C3%A2u-chu%E1%BB%91i-l%C3%BAa-m%E1%BA%A1ch-t%E1%BB%B1-nhi%C3%AAn-110ml-x-48-h%E1%BB%99p-i.626294568.29755056556?extraParams=%7B%22display_model_id%22%3A128999697942%2C%22model_selection_logic%22%3A3%7D
[LIVESTREAM] Hộp 10 gói Cháo tươi thịt gà ngô nấm TH true Food 240 g (240 g x10 gói),309.669₫,5.0,100 đã bán,https://shopee.vn/-LIVESTREAM-H%E1%BB%99p-10-g%C3%B3i-Ch%C3%A1o-t%C6%B0%C6%A1i-th%E1%BB%8Bt-g%C3%A0-ng%C3%B4-n%E1%BA%A5m-TH-true-Food-240-g-(240-g-x10-g%C3%B3i)-i.626294568.50301645185?extraParams=%7B%22display_model_id%22%3A335149126841%2C%22model_selection_logic%22%3A3%7D
[LIVESTREAM] Hộp 10 gói Cháo tươi thịt gà rau củ TH true Food 150 g (150 g x 10 gói),243.530₫,4.9,119 đã bán,https://shopee.vn/-LIVESTREAM-H%E1%BB%99p-10-g%C3%B3i-Ch%C3%A1o-t%C6%B0%C6%A1i-th%E1%BB%8Bt-g%C3%A0-rau-c%E1%BB%A7-TH-true-Food-150-g-(150-g-x-10-g%C3%B3i)-i.626294568.47301660672?extraParams=%7B%22display_model_id%22%3A415149170983%2C%22model_selection_logic%22%3A3%7D
Combo 1 Thùng sữa tươi tiệt trùng tự nhiên Dalatmilk và 1 Thùng sữa hạt hạnh nhân TH true Nut 180ml x 96 hộp,1.144.767₫,4.9 Đánh giá shop,,https://shopee.vn/Combo-1-Th%C3%B9ng-s%E1%BB%AFa-t%C6%B0%C6%A1i-ti%E1%BB%87t-tr%C3%B9ng-t%E1%BB%B1-nhi%C3%AAn-Dalatmilk-v%C3%A0-1-Th%C3%B9ng-s%E1%BB%AFa-h%E1%BA%A1t-h%E1%BA%A1nh-nh%C3%A2n-TH-true-Nut-180ml-x-96-h%E1%BB%99p-i.626294568.41080074732?extraParams=%7B%22display_model_id%22%3A385787365088%2C%22model_selection_logic%22%3A3%7D
Thùng 24 chai nước trái cây TH true JUICE táo đào tự nhiên 350 ml (350 ml x 24),529.240₫,4.9,818 đã bán,https://shopee.vn/Th%C3%B9ng-24-chai-n%C6%B0%E1%BB%9Bc-tr%C3%A1i-c%C3%A2y-TH-true-JUICE-t%C3%A1o-%C4%91%C3%A0o-t%E1%BB%B1-nhi%C3%AAn-350-ml-(350-ml-x-24)-i.626294568.14230344178?extraParams=%7B%22display_model_id%22%3A114782945789%2C%22model_selection_logic%22%3A3%7D
Hộp 10 gói Cháo tươi tôm phô mai TH true Food 240 g (240 g x10 gói),309.669₫,4.9,1k+ đã bán,https://shopee.vn/H%E1%BB%99p-10-g%C3%B3i-Ch%C3%A1o-t%C6%B0%C6%A1i-t%C3%B4m-ph%C3%B4-mai-TH-true-Food-240-g-(240-g-x10-g%C3%B3i)-i.626294568.26615718834?extraParams=%7B%22display_model_id%22%3A197922094209%2C%22model_selection_logic%22%3A3%7D
Hộp 10 gói cháo tươi thịt heo bí đỏ TH true FOOD 150 g (150 g x10 gói),243.530₫,4.9,1k+ đã bán,https://shopee.vn/H%E1%BB%99p-10-g%C3%B3i-ch%C3%A1o-t%C6%B0%C6%A1i-th%E1%BB%8Bt-heo-b%C3%AD-%C4%91%E1%BB%8F-TH-true-FOOD-150-g-(150-g-x10-g%C3%B3i)-i.626294568.26665709066?extraParams=%7B%22display_model_id%22%3A176762157494%2C%22model_selection_logic%22%3A3%7D
[LIVESTREAM] Hộp 10 gói cháo tươi sườn tổ yến TH true FOOD 240 gr (240 gr x 10 gói),496.033₫,5.0,16 đã bán,https://shopee.vn/-LIVESTREAM-H%E1%BB%99p-10-g%C3%B3i-ch%C3%A1o-t%C6%B0%C6%A1i-s%C6%B0%E1%BB%9Dn-t%E1%BB%95-y%E1%BA%BFn-TH-true-FOOD-240-gr-(240-gr-x-10-g%C3%B3i)-i.626294568.51051635943?extraParams=%7B%22display_model_id%22%3A365149219122%2C%22model_selection_logic%22%3A3%7D
Hộp 10 gói Cháo tươi thịt gà rau củ TH true Food 150 g (150 g x 10 gói),243.530₫,4.9,1k+ đã bán,https://shopee.vn/H%E1%BB%99p-10-g%C3%B3i-Ch%C3%A1o-t%C6%B0%C6%A1i-th%E1%BB%8Bt-g%C3%A0-rau-c%E1%BB%A7-TH-true-Food-150-g-(150-g-x-10-g%C3%B3i)-i.626294568.24887670668?extraParams=%7B%22display_model_id%22%3A223385354336%2C%22model_selection_logic%22%3A3%7D
